model,isl,osl,prefix,concurrency,request_rate,bs,global_bs,ttft,tpot,request_latency,seq/s,seq/s/gpu,tokens/s,tokens/s/gpu,tokens/s/user,num_total_gpus,tp,pp,dp,moe_tp,moe_ep,parallel,gemm,kvcache,fmha,moe,comm,memory,balance_score,num_ctx_reqs,num_gen_reqs,num_tokens,ctx_tokens,gen_tokens,backend,version,system,power_w,tokens/s/gpu_cluster
Qwen/Qwen3-235B-A22B,4000,1000,0,26,0.283,13,26,2259.851,89.508,91678.286,0.283,0.035,282.476,35.309,11.172,8,4,1,2,1,8,tp4pp1dp2etp1ep8,float16,float16,float16,float16,half,63.786,0.013,1.0,12.0,4012.0,4000,12.0,vllm-ascend,0.18.0,ascend_910b,0.0,35.309
Qwen/Qwen3-235B-A22B,4000,1000,0,24,0.264,12,24,2214.315,88.622,90747.34,0.264,0.033,263.278,32.91,11.284,8,4,1,2,1,8,tp4pp1dp2etp1ep8,float16,float16,float16,float16,half,63.562,0.012,1.0,11.0,4011.0,4000,11.0,vllm-ascend,0.18.0,ascend_910b,0.0,32.91
Qwen/Qwen3-235B-A22B,4000,1000,0,22,0.244,11,22,2168.792,87.736,89816.565,0.244,0.03,243.704,30.463,11.398,8,4,1,2,1,8,tp4pp1dp2etp1ep8,float16,float16,float16,float16,half,63.338,0.011,1.0,10.0,4010.0,4000,10.0,vllm-ascend,0.18.0,ascend_910b,0.0,30.463
Qwen/Qwen3-235B-A22B,4000,1000,0,20,0.226,20,20,1345.248,87.446,88703.793,0.226,0.028,225.509,28.189,11.436,8,8,1,1,1,8,tp8pp1dp1etp1ep8,float16,float16,float16,float16,half,63.742,0.02,1.0,19.0,4019.0,4000,19.0,vllm-ascend,0.18.0,ascend_910b,0.0,28.189
Qwen/Qwen3-235B-A22B,4000,1000,0,20,0.224,10,20,2123.283,86.85,88885.96,0.224,0.028,223.741,27.968,11.514,8,4,1,2,1,8,tp4pp1dp2etp1ep8,float16,float16,float16,float16,half,63.113,0.01,1.0,9.0,4009.0,4000,9.0,vllm-ascend,0.18.0,ascend_910b,0.0,27.968
Qwen/Qwen3-235B-A22B,4000,1000,0,18,0.204,9,18,2077.788,85.964,87955.526,0.204,0.025,203.38,25.422,11.633,8,4,1,2,1,8,tp4pp1dp2etp1ep8,float16,float16,float16,float16,half,62.889,0.009,1.0,8.0,4008.0,4000,8.0,vllm-ascend,0.18.0,ascend_910b,0.0,25.422
Qwen/Qwen3-235B-A22B,4000,1000,0,16,0.185,16,16,1248.886,85.276,86439.567,0.185,0.023,184.927,23.116,11.727,8,8,1,1,1,8,tp8pp1dp1etp1ep8,float16,float16,float16,float16,half,62.845,0.016,1.0,15.0,4015.0,4000,15.0,vllm-ascend,0.18.0,ascend_910b,0.0,23.116
Qwen/Qwen3-235B-A22B,4000,1000,0,16,0.184,16,16,2081.931,84.415,86412.204,0.184,0.023,183.857,22.982,11.846,8,8,1,1,1,8,tp8pp1dp1etp1ep8,float16,float16,float16,float16,half,63.456,0.008,2.0,14.0,8014.0,8000,14.0,vllm-ascend,0.18.0,ascend_910b,0.0,22.982
Qwen/Qwen3-235B-A22B,4000,1000,0,15,0.184,15,15,1224.872,80.367,81511.469,0.184,0.023,183.777,22.972,12.443,8,8,1,1,1,8,tp8pp1dp1etp1ep8,float16,float16,float16,float16,half,62.621,0.015,1.0,14.0,4014.0,4000,14.0,vllm-ascend,0.18.0,ascend_910b,0.0,22.972
Qwen/Qwen3-235B-A22B,4000,1000,0,14,0.183,14,14,1200.875,75.449,76574.578,0.183,0.023,182.5,22.813,13.254,8,8,1,1,1,8,tp8pp1dp1etp1ep8,float16,float16,float16,float16,half,62.397,0.014,1.0,13.0,4013.0,4000,13.0,vllm-ascend,0.18.0,ascend_910b,0.0,22.813
Qwen/Qwen3-235B-A22B,4000,1000,0,14,0.182,14,14,2034.904,74.463,76423.476,0.182,0.023,181.602,22.7,13.429,8,8,1,1,1,8,tp8pp1dp1etp1ep8,float16,float16,float16,float16,half,63.007,0.007,2.0,12.0,8012.0,8000,12.0,vllm-ascend,0.18.0,ascend_910b,0.0,22.7
Qwen/Qwen3-235B-A22B,4000,1000,0,13,0.181,13,13,1176.895,70.523,71628.894,0.181,0.023,181.071,22.634,14.18,8,8,1,1,1,8,tp8pp1dp1etp1ep8,float16,float16,float16,float16,half,62.173,0.013,1.0,12.0,4012.0,4000,12.0,vllm-ascend,0.18.0,ascend_910b,0.0,22.634
Qwen/Qwen3-235B-A22B,4000,1000,0,12,0.18,12,12,1152.933,65.587,66674.417,0.18,0.022,179.456,22.432,15.247,8,8,1,1,1,8,tp8pp1dp1etp1ep8,float16,float16,float16,float16,half,61.948,0.012,1.0,11.0,4011.0,4000,11.0,vllm-ascend,0.18.0,ascend_910b,0.0,22.432
Qwen/Qwen3-235B-A22B,4000,1000,0,12,0.179,12,12,1987.912,64.494,66417.162,0.179,0.022,178.728,22.341,15.505,8,8,1,1,1,8,tp8pp1dp1etp1ep8,float16,float16,float16,float16,half,62.558,0.006,2.0,10.0,8010.0,8000,10.0,vllm-ascend,0.18.0,ascend_910b,0.0,22.341
Qwen/Qwen3-235B-A22B,4000,1000,0,11,0.178,11,11,1128.988,60.643,61711.147,0.178,0.022,177.608,22.201,16.49,8,8,1,1,1,8,tp8pp1dp1etp1ep8,float16,float16,float16,float16,half,61.724,0.011,1.0,10.0,4010.0,4000,10.0,vllm-ascend,0.18.0,ascend_910b,0.0,22.201
Qwen/Qwen3-235B-A22B,4000,1000,0,11,0.176,11,11,1987.539,59.937,61864.945,0.176,0.022,175.737,21.967,16.684,8,8,1,1,1,8,tp8pp1dp1etp1ep8,float16,float16,float16,float16,half,62.334,0.006,2.0,9.0,8009.0,8000,9.0,vllm-ascend,0.18.0,ascend_910b,0.0,21.967
Qwen/Qwen3-235B-A22B,4000,1000,0,10,0.176,10,10,1105.061,55.69,56739.083,0.176,0.022,175.468,21.934,17.957,8,8,1,1,1,8,tp8pp1dp1etp1ep8,float16,float16,float16,float16,half,61.5,0.01,1.0,9.0,4009.0,4000,9.0,vllm-ascend,0.18.0,ascend_910b,0.0,21.934
Qwen/Qwen3-235B-A22B,4000,1000,0,10,0.175,10,10,1940.954,54.507,56393.261,0.175,0.022,174.907,21.863,18.346,8,8,1,1,1,8,tp8pp1dp1etp1ep8,float16,float16,float16,float16,half,62.11,0.005,2.0,8.0,8008.0,8000,8.0,vllm-ascend,0.18.0,ascend_910b,0.0,21.863
Qwen/Qwen3-235B-A22B,4000,1000,0,9,0.173,9,9,1081.15,50.728,51758.227,0.173,0.022,172.951,21.619,19.713,8,8,1,1,1,8,tp8pp1dp1etp1ep8,float16,float16,float16,float16,half,61.275,0.009,1.0,8.0,4008.0,4000,8.0,vllm-ascend,0.18.0,ascend_910b,0.0,21.619
Qwen/Qwen3-235B-A22B,4000,1000,0,9,0.171,9,9,1940.434,49.946,51836.343,0.171,0.021,171.035,21.379,20.022,8,8,1,1,1,8,tp8pp1dp1etp1ep8,float16,float16,float16,float16,half,61.886,0.004,2.0,7.0,8007.0,8000,7.0,vllm-ascend,0.18.0,ascend_910b,0.0,21.379
Qwen/Qwen3-235B-A22B,4000,1000,0,8,0.17,8,8,1057.091,45.757,46768.039,0.17,0.021,169.938,21.242,21.855,8,8,1,1,1,8,tp8pp1dp1etp1ep8,float16,float16,float16,float16,half,61.051,0.008,1.0,7.0,4007.0,4000,7.0,vllm-ascend,0.18.0,ascend_910b,0.0,21.242
Qwen/Qwen3-235B-A22B,4000,1000,0,8,0.17,8,8,1893.727,44.502,46351.322,0.17,0.021,169.538,21.192,22.471,8,8,1,1,1,8,tp8pp1dp1etp1ep8,float16,float16,float16,float16,half,61.661,0.004,2.0,6.0,8006.0,8000,6.0,vllm-ascend,0.18.0,ascend_910b,0.0,21.192
Qwen/Qwen3-235B-A22B,4000,1000,0,7,0.167,7,7,1033.056,40.703,41695.483,0.167,0.021,166.541,20.818,24.568,8,8,1,1,1,8,tp8pp1dp1etp1ep8,float16,float16,float16,float16,half,60.827,0.007,1.0,6.0,4006.0,4000,6.0,vllm-ascend,0.18.0,ascend_910b,0.0,20.818
Qwen/Qwen3-235B-A22B,4000,1000,0,7,0.165,7,7,1893.22,39.863,41716.132,0.165,0.021,164.488,20.561,25.086,8,8,1,1,1,8,tp8pp1dp1etp1ep8,float16,float16,float16,float16,half,61.437,0.004,2.0,5.0,8005.0,8000,5.0,vllm-ascend,0.18.0,ascend_910b,0.0,20.561
Qwen/Qwen3-235B-A22B,4000,1000,0,6,0.162,6,6,1009.045,35.641,36614.142,0.162,0.02,162.255,20.282,28.058,8,8,1,1,1,8,tp8pp1dp1etp1ep8,float16,float16,float16,float16,half,60.603,0.006,1.0,5.0,4005.0,4000,5.0,vllm-ascend,0.18.0,ascend_910b,0.0,20.282
Qwen/Qwen3-235B-A22B,4000,1000,0,6,0.162,6,6,1846.549,35.223,37033.886,0.162,0.02,162.006,20.251,28.391,8,8,1,1,1,8,tp8pp1dp1etp1ep8,float16,float16,float16,float16,half,61.213,0.003,2.0,4.0,8004.0,8000,4.0,vllm-ascend,0.18.0,ascend_910b,0.0,20.251
Qwen/Qwen3-235B-A22B,4000,1000,0,5,0.157,5,5,985.06,30.57,31524.015,0.157,0.02,156.657,19.582,32.712,8,8,1,1,1,8,tp8pp1dp1etp1ep8,float16,float16,float16,float16,half,60.378,0.005,1.0,4.0,4004.0,4000,4.0,vllm-ascend,0.18.0,ascend_910b,0.0,19.582
Qwen/Qwen3-235B-A22B,4000,1000,0,4,0.149,4,4,961.387,25.49,26425.531,0.149,0.019,148.993,18.624,39.232,8,8,1,1,1,8,tp8pp1dp1etp1ep8,float16,float16,float16,float16,half,60.154,0.004,1.0,3.0,4003.0,4000,3.0,vllm-ascend,0.18.0,ascend_910b,0.0,18.624
Qwen/Qwen3-235B-A22B,4000,1000,0,3,0.137,3,3,937.726,20.99,21907.219,0.137,0.017,136.935,17.117,47.641,8,8,1,1,1,8,tp8pp1dp1etp1ep8,float16,float16,float16,float16,half,59.93,0.003,1.0,2.0,4002.0,4000,2.0,vllm-ascend,0.18.0,ascend_910b,0.0,17.117
Qwen/Qwen3-235B-A22B,4000,1000,0,2,0.121,1,2,1701.815,15.627,17312.974,0.121,0.015,121.041,15.13,63.993,8,4,1,2,1,8,tp4pp1dp2etp1ep8,float16,float16,float16,float16,half,61.095,0.001,1.0,1.0,4000.0,4000,1.0,vllm-ascend,0.18.0,ascend_910b,0.0,15.13
Qwen/Qwen3-235B-A22B,4000,1000,0,1,0.097,1,1,880.559,9.821,10691.406,0.097,0.012,97.233,12.154,101.826,8,8,1,1,1,8,tp8pp1dp1etp1ep8,float16,float16,float16,float16,half,59.481,0.001,1.0,1.0,4000.0,4000,1.0,vllm-ascend,0.18.0,ascend_910b,0.0,12.154
