model,isl,osl,prefix,concurrency,request_rate,(p)bs,(p)global_bs,(p)workers,(d)bs,(d)global_bs,(d)workers,ttft,tpot,request_latency,seq/s,seq/s/gpu,tokens/s,tokens/s/gpu,tokens/s/user,(p)seq/s/worker,(d)seq/s/worker,num_total_gpus,(p)tp,(p)pp,(p)dp,(p)moe_tp,(p)moe_ep,(p)parallel,(p)gemm,(p)kvcache,(p)fmha,(p)moe,(p)comm,(p)memory,(p)backend,(p)version,(p)system,(d)tp,(d)pp,(d)dp,(d)moe_tp,(d)moe_ep,(d)parallel,(d)gemm,(d)kvcache,(d)fmha,(d)moe,(d)comm,(d)memory,(d)backend,(d)version,(d)system,power_w,tokens/s/gpu_cluster
Qwen/Qwen3-235B-A22B,4000,1000,0,32,0.335,1,2,1,16,32,1,1773.472,87.975,89660.497,0.335,0.021,334.88,20.93,11.367,2.03,0.364,16,4,1,2,1,8,tp4pp1dp2etp1ep8,float16,float16,float16,float16,half,61.05,vllm-ascend,0.18.0,ascend_910b,4,1,2,1,8,tp4pp1dp2etp1ep8,float16,float16,float16,float16,half,63.915,vllm-ascend,0.18.0,ascend_910b,0.0,20.93
Qwen/Qwen3-235B-A22B,4000,1000,0,22,0.232,1,2,1,22,22,1,1773.472,87.555,89240.917,0.232,0.014,231.84,14.49,11.421,2.03,0.252,16,4,1,2,1,8,tp4pp1dp2etp1ep8,float16,float16,float16,float16,half,61.05,vllm-ascend,0.18.0,ascend_910b,8,1,1,1,8,tp8pp1dp1etp1ep8,float16,float16,float16,float16,half,63.646,vllm-ascend,0.18.0,ascend_910b,0.0,14.49
Qwen/Qwen3-235B-A22B,4000,1000,0,15,0.169,1,2,1,15,15,1,1773.472,81.655,83346.817,0.169,0.011,169.28,10.58,12.247,2.03,0.184,16,4,1,2,1,8,tp4pp1dp2etp1ep8,float16,float16,float16,float16,half,61.05,vllm-ascend,0.18.0,ascend_910b,8,1,1,1,8,tp8pp1dp1etp1ep8,float16,float16,float16,float16,half,62.077,vllm-ascend,0.18.0,ascend_910b,0.0,10.58
Qwen/Qwen3-235B-A22B,4000,1000,0,14,0.168,1,2,1,14,14,1,1773.472,76.717,78413.755,0.168,0.011,168.36,10.522,13.035,2.03,0.183,16,4,1,2,1,8,tp4pp1dp2etp1ep8,float16,float16,float16,float16,half,61.05,vllm-ascend,0.18.0,ascend_910b,8,1,1,1,8,tp8pp1dp1etp1ep8,float16,float16,float16,float16,half,61.853,vllm-ascend,0.18.0,ascend_910b,0.0,10.522
Qwen/Qwen3-235B-A22B,4000,1000,0,13,0.167,1,2,1,13,13,1,1773.472,71.779,73480.693,0.167,0.01,166.52,10.408,13.932,2.03,0.181,16,4,1,2,1,8,tp4pp1dp2etp1ep8,float16,float16,float16,float16,half,61.05,vllm-ascend,0.18.0,ascend_910b,8,1,1,1,8,tp8pp1dp1etp1ep8,float16,float16,float16,float16,half,61.629,vllm-ascend,0.18.0,ascend_910b,0.0,10.408
Qwen/Qwen3-235B-A22B,4000,1000,0,12,0.166,1,2,1,12,12,1,1773.472,66.841,68547.631,0.166,0.01,165.6,10.35,14.961,2.03,0.18,16,4,1,2,1,8,tp4pp1dp2etp1ep8,float16,float16,float16,float16,half,61.05,vllm-ascend,0.18.0,ascend_910b,8,1,1,1,8,tp8pp1dp1etp1ep8,float16,float16,float16,float16,half,61.405,vllm-ascend,0.18.0,ascend_910b,0.0,10.35
Qwen/Qwen3-235B-A22B,4000,1000,0,11,0.164,1,2,1,11,11,1,1773.472,61.903,63614.569,0.164,0.01,163.76,10.235,16.154,2.03,0.178,16,4,1,2,1,8,tp4pp1dp2etp1ep8,float16,float16,float16,float16,half,61.05,vllm-ascend,0.18.0,ascend_910b,8,1,1,1,8,tp8pp1dp1etp1ep8,float16,float16,float16,float16,half,61.18,vllm-ascend,0.18.0,ascend_910b,0.0,10.235
Qwen/Qwen3-235B-A22B,4000,1000,0,10,0.162,1,2,1,10,10,1,1773.472,56.965,58681.507,0.162,0.01,161.92,10.12,17.555,2.03,0.176,16,4,1,2,1,8,tp4pp1dp2etp1ep8,float16,float16,float16,float16,half,61.05,vllm-ascend,0.18.0,ascend_910b,8,1,1,1,8,tp8pp1dp1etp1ep8,float16,float16,float16,float16,half,60.956,vllm-ascend,0.18.0,ascend_910b,0.0,10.12
Qwen/Qwen3-235B-A22B,4000,1000,0,9,0.159,1,2,1,9,9,1,1773.472,52.027,53748.445,0.159,0.01,159.16,9.948,19.221,2.03,0.173,16,4,1,2,1,8,tp4pp1dp2etp1ep8,float16,float16,float16,float16,half,61.05,vllm-ascend,0.18.0,ascend_910b,8,1,1,1,8,tp8pp1dp1etp1ep8,float16,float16,float16,float16,half,60.732,vllm-ascend,0.18.0,ascend_910b,0.0,9.948
Qwen/Qwen3-235B-A22B,4000,1000,0,8,0.156,1,2,1,8,8,1,1773.472,47.089,48815.383,0.156,0.01,156.4,9.775,21.236,2.03,0.17,16,4,1,2,1,8,tp4pp1dp2etp1ep8,float16,float16,float16,float16,half,61.05,vllm-ascend,0.18.0,ascend_910b,8,1,1,1,8,tp8pp1dp1etp1ep8,float16,float16,float16,float16,half,60.508,vllm-ascend,0.18.0,ascend_910b,0.0,9.775
Qwen/Qwen3-235B-A22B,4000,1000,0,7,0.154,1,2,1,7,7,1,1773.472,42.074,43805.398,0.154,0.01,153.64,9.603,23.767,2.03,0.167,16,4,1,2,1,8,tp4pp1dp2etp1ep8,float16,float16,float16,float16,half,61.05,vllm-ascend,0.18.0,ascend_910b,8,1,1,1,8,tp8pp1dp1etp1ep8,float16,float16,float16,float16,half,60.284,vllm-ascend,0.18.0,ascend_910b,0.0,9.603
Qwen/Qwen3-235B-A22B,4000,1000,0,6,0.149,1,2,1,6,6,1,1773.472,37.06,38796.412,0.149,0.009,149.04,9.315,26.983,2.03,0.162,16,4,1,2,1,8,tp4pp1dp2etp1ep8,float16,float16,float16,float16,half,61.05,vllm-ascend,0.18.0,ascend_910b,8,1,1,1,8,tp8pp1dp1etp1ep8,float16,float16,float16,float16,half,60.06,vllm-ascend,0.18.0,ascend_910b,0.0,9.315
Qwen/Qwen3-235B-A22B,4000,1000,0,5,0.144,1,2,1,5,5,1,1773.472,32.045,33786.427,0.144,0.009,143.52,8.97,31.206,2.03,0.156,16,4,1,2,1,8,tp4pp1dp2etp1ep8,float16,float16,float16,float16,half,61.05,vllm-ascend,0.18.0,ascend_910b,8,1,1,1,8,tp8pp1dp1etp1ep8,float16,float16,float16,float16,half,59.836,vllm-ascend,0.18.0,ascend_910b,0.0,8.97
Qwen/Qwen3-235B-A22B,4000,1000,0,4,0.136,1,2,1,4,4,1,1773.472,27.03,28776.442,0.136,0.009,136.16,8.51,36.995,2.03,0.148,16,4,1,2,1,8,tp4pp1dp2etp1ep8,float16,float16,float16,float16,half,61.05,vllm-ascend,0.18.0,ascend_910b,8,1,1,1,8,tp8pp1dp1etp1ep8,float16,float16,float16,float16,half,59.612,vllm-ascend,0.18.0,ascend_910b,0.0,8.51
Qwen/Qwen3-235B-A22B,4000,1000,0,3,0.124,1,2,1,3,3,1,1773.472,22.177,23928.295,0.124,0.008,124.2,7.763,45.091,2.03,0.135,16,4,1,2,1,8,tp4pp1dp2etp1ep8,float16,float16,float16,float16,half,61.05,vllm-ascend,0.18.0,ascend_910b,8,1,1,1,8,tp8pp1dp1etp1ep8,float16,float16,float16,float16,half,59.388,vllm-ascend,0.18.0,ascend_910b,0.0,7.763
Qwen/Qwen3-235B-A22B,4000,1000,0,2,0.109,1,2,1,1,2,1,1773.472,16.904,18660.568,0.109,0.007,108.56,6.785,59.158,2.03,0.118,16,4,1,2,1,8,tp4pp1dp2etp1ep8,float16,float16,float16,float16,half,61.05,vllm-ascend,0.18.0,ascend_910b,4,1,2,1,8,tp4pp1dp2etp1ep8,float16,float16,float16,float16,half,60.553,vllm-ascend,0.18.0,ascend_910b,0.0,6.785
Qwen/Qwen3-235B-A22B,4000,1000,0,1,0.086,1,2,1,1,1,1,1773.472,10.639,12401.833,0.086,0.005,86.48,5.405,93.998,2.03,0.094,16,4,1,2,1,8,tp4pp1dp2etp1ep8,float16,float16,float16,float16,half,61.05,vllm-ascend,0.18.0,ascend_910b,8,1,1,1,8,tp8pp1dp1etp1ep8,float16,float16,float16,float16,half,58.939,vllm-ascend,0.18.0,ascend_910b,0.0,5.405
